{
  "total_documents": 152,
  "lda_coherence_score": 0.27178268446376974,
  "clustering_silhouette_score": 0.013701177032826212,
  "analysis_date": "2025-10-25 13:11:36"
}