{
  "total_documents": 152,
  "lda_coherence_score": 0.27178268446376974,
  "clustering_silhouette_score": 0.013609174361572444,
  "analysis_date": "2025-10-19 12:10:50"
}